Dataset,Test Acc
occlusion,93.0166270783848
shadow,95.81947743467933
noise_blur,84.48139350752177
graffiti,94.12509897070467
Initial,98.41646872525732
