Dataset,Test Acc
occlusion,79.13697545526524
shadow,91.08471892319874
noise_blur,82.02692003167063
graffiti,89.73871733966746
Initial,97.9809976247031
