Dataset,Test Acc
occlusion,77.11797307996832
shadow,89.19239904988123
noise_blur,79.6437054631829
graffiti,87.36342042755345
Initial,96.00158353127475
