Dataset,Test Acc
occlusion,92.97703879651623
shadow,95.41567695961996
noise_blur,84.4893111638955
graffiti,93.94299287410927
Initial,98.63024544734759
