Dataset,Test Acc
occlusion,91.69437846397466
shadow,94.70308788598575
noise_blur,82.33570863024545
graffiti,92.81868566904197
Initial,98.0443388756928
