Dataset,Test Acc
occlusion,90.5304829770388
shadow,94.07759303246239
noise_blur,82.59699129057799
graffiti,92.35946159936658
Initial,97.75930324623911
