Dataset,Test Acc
occlusion,90.96595407759304
shadow,95.00395882818685
noise_blur,83.94299287410927
graffiti,93.2541567695962
Initial,98.44813935075217
